id,q,est
1,0.05,5.828946
2,0.1,6.040255
3,0.15,6.152733
4,0.2,6.214608
5,0.25,6.289716
6,0.3,6.342122
7,0.35,6.39693
8,0.4,6.44572
9,0.45,6.496775
10,0.5,6.55108
11,0.55,6.620073
12,0.6,6.659294
13,0.65,6.715384
14,0.7,6.802395
15,0.75,6.867974
16,0.8,6.917706
17,0.85,7.029973
18,0.9,7.144407
19,0.95,7.340187
