id,q,est
1,0.05,6.309918
2,0.1,6.431331
3,0.15,6.511745
4,0.2,6.563856
5,0.25,6.620073
6,0.3,6.678342
7,0.35,6.725034
8,0.4,6.779922
9,0.45,6.82546
10,0.5,6.873164
11,0.55,6.926577
12,0.6,6.993933
13,0.65,7.056175
14,0.7,7.127694
15,0.75,7.20786
16,0.8,7.31055
17,0.85,7.406711
18,0.9,7.559038
19,0.95,7.783224
